start_command, 2022-11-19 09:48:20.577262, 404180238, Odin26, /start
hello_command, 2022-11-19 09:48:32.704699, 404180238, Odin26, /hello
find_command, 2022-11-19 09:48:47.742707, 404180238, Odin26, /find вас
find_command, 2022-11-19 09:50:58.509337, 404180238, Odin26, /find вас
find_command, 2022-11-19 09:52:44.144898, 404180238, Odin26, /find вас
find_command, 2022-11-19 09:53:34.400992, 404180238, Odin26, /find вас
find_command, 2022-11-19 09:53:34.527314, 404180238, Odin26, /find «ит
find_command, 2022-11-19 09:53:34.532301, 404180238, Odin26, /find 919
find_command, 2022-11-19 09:53:34.537287, 404180238, Odin26, /find 919
find_command, 2022-11-19 09:54:07.218596, 404180238, Odin26, /find 919
find_command, 2022-11-19 09:55:13.975418, 404180238, Odin26, /find 919
findp_command, 2022-11-19 09:56:28.053388, 404180238, Odin26, /findp клад
findp_command, 2022-11-19 09:57:05.216022, 404180238, Odin26, /findp клад
findp_command, 2022-11-19 09:57:45.679766, 404180238, Odin26, /findp клад
finds_command, 2022-11-19 09:58:12.583473, 404180238, Odin26, /finds 1000 1300
add_command, 2022-11-19 09:59:14.722848, 404180238, Odin26, /add 22 вас ыва дир 45747 100
update_command, 2022-11-19 09:59:52.314542, 404180238, Odin26, /update 22 234 234 232 434 2332
delete_command, 2022-11-19 10:00:06.050904, 404180238, Odin26, /delete 22
